{
  "945360": [
    {
      "link": "https://huggingface.co/datasets/MangaVNteam/Assassin-Creed-Odyssey-Crack/resolve/main/Among%20Us/Among%20Us%20online-fix.rar?download=true"
    }
  ],
  "598810": [
    {
      "link": "https://huggingface.co/datasets/MangaVNteam/Assassin-Creed-Odyssey-Crack/resolve/main/CTT_Fix_Repair_Steam_Generic.rar?download=true"
    }
  ],
  "3949040": [
    {
      "link": "https://huggingface.co/datasets/MangaVNteam/Assassin-Creed-Odyssey-Crack/resolve/main/RV%20There%20Yet%20online-fix.zip?download=true"
    }
  ],
  "1272080": [
    {
      "link": "https://huggingface.co/datasets/MangaVNteam/Assassin-Creed-Odyssey-Crack/resolve/main/ONLINE-FIX%20GAME/PAYDAY3_online_fix.rar?download=true"
    }
  ],
  "1631270": [
    {
      "link": "https://huggingface.co/datasets/MangaVNteam/Assassin-Creed-Odyssey-Crack/resolve/main/ONLINE-FIX%20GAME/StarRupture%20online-fix.zip?download=true"
    }
  ],
  "1623730": [
    {
      "link": "https://huggingface.co/datasets/MangaVNteam/Assassin-Creed-Odyssey-Crack/resolve/main/Palworld/Palworld%20online-fix.rar?download=true",
      "name": "Palworld Online-Fix V1 (Recommended)",
      "version": "v1.0",
      "size": 25000000,
      "recommended": true,
      "note": "Stable build - recommended for most users"
    },
    {
      "link": "https://huggingface.co/datasets/MangaVNteam/Assassin-Creed-Odyssey-Crack/resolve/main/Palworld%20online-fix.rar?download=true",
      "name": "Palworld Online-Fix (Experimental)",
      "version": "v2.0-experimental",
      "size": 32000000,
      "recommended": false,
      "note": "Experimental build - may be unstable"
    }
  ],
  "513710": [
    {
      "link": "https://huggingface.co/datasets/MangaVNteam/Assassin-Creed-Odyssey-Crack/resolve/main/ONLINE-FIX%20GAME/SCUM_Fix_Repair_Steam_Generic.rar?download=true"
    }
  ],
  "3834090": [
    {
      "link": "https://huggingface.co/datasets/MangaVNteam/Assassin-Creed-Odyssey-Crack/resolve/main/ONLINE-FIX%20GAME/YAPYAP_Fix_Repair_Steam_Generic.rar?download=true"
    }
  ],
  "227300": [
    {
      "link": "https://huggingface.co/datasets/MangaVNteam/Assassin-Creed-Odyssey-Crack/resolve/main/ONLINE-FIX%20GAME/Euro%20truck%20simulator%202%20online-fix.zip?download=true"
    }
  ],
  "337320": [
    {
      "link": "https://huggingface.co/datasets/MangaVNteam/Assassin-Creed-Odyssey-Crack/resolve/main/ONLINE-FIX%20GAME/PtTr%20online-fix.zip?download=true"
    }
  ],
  "2567870": [
    {
      "link": "https://huggingface.co/datasets/MangaVNteam/Assassin-Creed-Odyssey-Crack/resolve/main/Chained%20Together%20online-fix.zip?download=true"
    }
  ],
  "1274570": [
    {
      "link": "https://huggingface.co/datasets/MangaVNteam/Assassin-Creed-Odyssey-Crack/resolve/main/Devour%20online-fix.zip?download=true"
    }
  ],
  "2622380": [
    {
      "link": "https://huggingface.co/datasets/MangaVNteam/Assassin-Creed-Odyssey-Crack/resolve/main/ELDENRINGNIGHTREIGN%20online-fix.zip?download=true"
    }
  ],
  "3681010": [
    {
      "link": "https://huggingface.co/datasets/MangaVNteam/Assassin-Creed-Odyssey-Crack/resolve/main/ONLINE-FIX%20GAME/Nioh3_Fix_Repair_Steam_Generic.zip?download=true"
    }
  ]
}
