﻿{
    "controller_base_dir":  ".\\controller_base",
    "cached_dir":  ".\\otoshi\\cached",
    "otoshiapps_common_dir":  ".\\otoshiapps\\common",
    "games_dir":  ".\\otoshiapps\\common",
    "music_dir":  ".\\music",
    "resources_dir":  ".\\resources",
    "backend_url":  "http://127.0.0.1:8000",
    "version":  "18.0.1",
    "config_dir":  ".\\config",
    "otoshiapps_dir":  ".\\otoshiapps",
    "friends_dir":  ".\\friends",
    "ext_dir":  ".\\ext",
    "bundle_type":  "complete",
    "appcache_dir":  ".\\appcache",
    "depotcache_dir":  ".\\depotcache",
    "logs_dir":  ".\\logs",
    "lua_files_included":  false,
    "resource_dir":  ".\\resource",
    "api_key_required":  true,
    "graphics_dir":  ".\\graphics",
    "dumps_dir":  ".\\dumps",
    "lua_path":  ".\\resources\\backend\\lua.pack",
    "otoshi_cached_dir":  ".\\otoshi\\cached",
    "public_dir":  ".\\public",
    "libs_dir":  ".\\libs",
    "type":  "portable",
    "built_at":  "2026-02-15T12:50:15.1774459+07:00",
    "auto_sync_enabled":  true,
    "otoshi_games_dir":  ".\\otoshi\\games",
    "package_dir":  ".\\package",
    "clientui_dir":  ".\\clientui",
    "plugins_dir":  ".\\plugins",
    "tenfoot_dir":  ".\\tenfoot",
    "bin_dir":  ".\\bin",
    "otoshi_dir":  ".\\otoshi",
    "win64_dir":  ".\\win64",
    "userdata_dir":  ".\\userdata",
    "otoshiui_dir":  ".\\otoshiui"
}
